chip_panel	original_panel(s)	n_from_each
Panel001	Panel001	1475
Panel002	Panel002	1475
Panel003	Panel003	1475
Panel004	Panel004	1475
Panel005	Panel005	1475
Panel006	Panel006	1475
Panel007	Panel007	1475
Panel008	Panel008	1475
Panel009	Panel009	1475
Panel010	Panel010	1475
Panel011	Panel011	1475
Panel012	Panel012	1475
Panel013	Panel013	1475
Panel014	Panel014	1475
Panel015	Panel015	1475
Panel016	Panel016	1475
Panel017	Panel017	1475
Panel018	Panel018	1475
Panel019	Panel019	1475
Panel020	Panel020	1475
Panel021	Panel021	1475
Panel022	Panel022	1475
Panel023	Panel023	1475
Panel024	Panel024	1475
Panel025	Panel025	1475
Panel026	Panel026	1475
Panel027	Panel027	1475
Panel028	Panel028	1475
Panel029	Panel029	1475
Panel030	Panel030	1475
Panel031	Panel031	1475
Panel032	Panel032	1475
Panel033	Panel033	1475
Panel034	Panel034	1475
Panel035	Panel035	1475
Panel036	Panel036	1475
Panel037	Panel037	1475
Panel038	Panel038	1475
Panel039	Panel039	1475
Panel040	Panel040	1475
Panel041	Panel041	1475
Panel042	Panel042	1475
Panel043	Panel043	1475
Panel044	Panel044	1475
Panel045	Panel045	1475
Panel046	Panel046	1475
Panel047	Panel047	1475
Panel048	Panel048	1475
Panel049	Panel049	1475
Panel050	Panel050	1475
Panel051	Panel051	1475
Panel052	Panel052	1475
Panel053	Panel053	1475
Panel054	Panel054	1475
Panel055	Panel055	1475
Panel056	Panel056	1475
Panel057	Panel057	1475
Panel058	Panel058	1475
Panel059	Panel059	1475
Panel060	Panel060	1475
Panel061	Panel061	1475
Panel062	Panel062	1475
Panel063	Panel063	1475
Panel064	Panel064	1475
Panel065	Panel065	1475
Panel066	Panel066	1475
Panel067	Panel067	1475
Panel068	Panel068	1475
Panel069	Panel069	1475
Panel070	Panel070	1475
Panel071	Panel071	1475
Panel072	Panel072	1475
Panel073	Panel073	1475
Panel074	Panel074	1475
Panel075	Panel075	1475
Panel076	Panel076	1475
Panel077	Panel077	1475
Panel078	Panel078	1475
Panel079	Panel079	1475
Panel080	Panel080	1475
Panel081	Panel081	1475
Panel082	Panel082	1475
Panel083	Panel083	1475
Panel084	Panel084	1475
Panel085	Panel085	1475
Panel086	Panel086	1475
Panel087	Panel087	1475
Panel088	Panel088	1475
Panel089	Panel089	1475
Panel090	Panel090	1475
Panel091	Panel091	1475
Panel092	Panel092	1475
Panel093	Panel093	1475
Panel094	Panel094	1475
Panel095	Panel095	1475
Panel096	Panel096	1475
Panel097	Panel097	1475
Panel098	Panel098	1475
Panel099	Panel099	1475
Panel100	Panel100	1475
Panel101	Panel101	1475
Panel102	Panel102	1475
Panel103	Panel103	1475
Panel104	Panel104	1475
Panel105	Panel105	1475
Panel106	Panel106	1475
Panel107	Panel107	1475
Panel108	Panel108	1475
Panel109	Panel109	1475
Panel110	Panel110	1475
Panel111	Panel111	1475
Panel112	Panel112	1475
Panel113	Panel113	1475
Panel114	Panel114	1475
Panel115	Panel115	1475
Panel116	Panel116	1475
Panel117	Panel117	1475
Panel118	Panel118	1475
Panel119	Panel119	1475
Panel120	Panel120	1475
Panel121	Panel121	1475
Panel122	Panel122	1475
Panel123	Panel123	1475
Panel124	Panel124	1475
Panel125	Panel125	1475
Panel126	Panel126	1475
Panel127	Panel127	1475
Panel128	Panel128	1475
Panel129	Panel129	1475
Panel130	Panel130	1475
Panel131	Panel131	1475
Panel132	Panel132	1475
Panel133	Panel133	1475
Panel134	Panel134	1475
Panel135	Panel135	1475
Panel136	Panel136	1475
Panel137	Panel137	1475
Panel138	Panel138	1475
Panel139	Panel139	1475
Panel140	Panel140	1475
Panel141	Panel141	1475
Panel142	Panel142	1475
Panel143	Panel143	1475
Panel144	Panel144	1475
Panel145	Panel145	1475
Panel146	Panel146	1475
Panel147	Panel147	1475
Panel148	Panel148	1475
Panel149	Panel149	1475
Panel150	Panel150	1475
Panel151	Panel151	1475
Panel152	Panel152	1475
Panel153	Panel153	1475
Panel154	Panel154	1475
Panel155	Panel155	1475
Panel156	Panel156	1475
Panel157	Panel157	1475
Panel158	Panel158	1475
Panel159	Panel159	1475
Panel160	Panel160	1475
Panel161	Panel161	1475
Panel162	Panel162	1475
Panel163	Panel163	1475
Panel164	Panel164	1475
Panel165	Panel165	1475
Panel166	Panel166	1475
Panel167	Panel167	1475
Panel168	Panel168	1475
Panel169	Panel169	1475
Panel170	Panel170	1475
Panel171	Panel171	1475
Panel172	Panel172	1475
Panel173	Panel173	1475
Panel174	Panel174	1475
Panel175	Panel175	1475
Panel176	Panel176	1475
Panel177	Panel177	1475
Panel178	Panel178	1475
Panel179	Panel179	1475
Panel180	Panel180	1475
Panel181	Panel181	1475
Panel182	Panel182	1475
Panel183	Panel183	1475
Panel184	Panel184	1475
Panel185	Panel185	1475
Panel186	Panel186	1475
Panel187	Panel187	1475
Panel188	Panel188	1475
Panel189	Panel189	1475
Panel190	Panel190	1475
Panel191	Panel191	1475
Panel192	Panel192	1475
Panel193	Panel193	1475
Panel194	Panel194	1475
Panel195	Panel195	1475
Panel196	Panel196	1475
Panel197	Panel197	1475
Panel198	Panel198	1475
Panel199	Panel199	1475
Panel200	Panel200	1475
